CREATE TABLE DEPT
       (DEPTNO NUMBER(2) CONSTRAINT PK_DEPT PRIMARY KEY,
	DNAME VARCHAR2(14) ,
	LOC VARCHAR2(13) ) ;


CREATE TABLE EMP
       (EMPNO NUMBER(4) CONSTRAINT PK_EMP PRIMARY KEY,
	ENAME VARCHAR2(10),
	JOB VARCHAR2(9),
	MGR NUMBER(4),
	HIREDATE DATE,
	SAL NUMBER(7,2),
	COMM NUMBER(7,2),
	DEPTNO NUMBER(2) CONSTRAINT FK_DEPTNO REFERENCES DEPT);


INSERT INTO DEPT VALUES(10,'ACCOUNTING','NEW YORK');
INSERT INTO DEPT VALUES (20,'RESEARCH','DALLAS');
INSERT INTO DEPT VALUES(30,'SALES','CHICAGO');
INSERT INTO DEPT VALUES(40,'OPERATIONS','BOSTON');

INSERT INTO EMP VALUES
(7369,'SMITH','CLERK',7902,to_date('17-12-1980','dd-mm-yyyy'),800,NULL,20);
INSERT INTO EMP VALUES
(7499,'ALLEN','SALESMAN',7698,to_date('20-2-1981','dd-mm-yyyy'),1600,300,30);
INSERT INTO EMP VALUES
(7521,'WARD','SALESMAN',7698,to_date('22-2-1981','dd-mm-yyyy'),1250,500,30);
INSERT INTO EMP VALUES
(7566,'JONES','MANAGER',7839,to_date('2-4-1981','dd-mm-yyyy'),2975,NULL,20);
INSERT INTO EMP VALUES
(7654,'MARTIN','SALESMAN',7698,to_date('28-9-1981','dd-mm-yyyy'),1250,1400,30);
INSERT INTO EMP VALUES
(7698,'BLAKE','MANAGER',7839,to_date('1-5-1981','dd-mm-yyyy'),2850,NULL,30);
INSERT INTO EMP VALUES
(7782,'CLARK','MANAGER',7839,to_date('9-6-1981','dd-mm-yyyy'),2450,NULL,10);
INSERT INTO EMP VALUES
(7788,'SCOTT','ANALYST',7566,to_date('13-7-1987','dd-mm-yyyy')-85,3000,NULL,20);
INSERT INTO EMP VALUES
(7839,'KING','PRESIDENT',NULL,to_date('17-11-1981','dd-mm-yyyy'),5000,NULL,10);
INSERT INTO EMP VALUES
(7844,'TURNER','SALESMAN',7698,to_date('8-9-1981','dd-mm-yyyy'),1500,0,30);
INSERT INTO EMP VALUES
(7876,'ADAMS','CLERK',7788,to_date('13-7-1987','dd-mm-yyyy'),1100,NULL,20);
INSERT INTO EMP VALUES
(7900,'JAMES','CLERK',7698,to_date('3-12-1981','dd-mm-yyyy'),950,NULL,30);
INSERT INTO EMP VALUES
(7902,'FORD','ANALYST',7566,to_date('3-12-1981','dd-mm-yyyy'),3000,NULL,20);
INSERT INTO EMP VALUES
(7934,'MILLER','CLERK',7782,to_date('23-1-1982','dd-mm-yyyy'),1300,NULL,10);

CREATE TABLE BONUS
	(
	ENAME VARCHAR2(10)	,
	JOB VARCHAR2(9)  ,
	SAL NUMBER,
	COMM NUMBER
	) ;

CREATE TABLE SALGRADE
      ( GRADE NUMBER,
	LOSAL NUMBER,
	HISAL NUMBER );
INSERT INTO SALGRADE VALUES (1,700,1200);
INSERT INTO SALGRADE VALUES (2,1201,1400);
INSERT INTO SALGRADE VALUES (3,1401,2000);
INSERT INTO SALGRADE VALUES (4,2001,3000);
INSERT INTO SALGRADE VALUES (5,3001,9999);
COMMIT;


SELECT * FROM DEPT;
SELECT * FROM EMP;
SELECT * FROM BONUS;
SELECT * FROM SALGRADE;


CREATE TABLE TCITY
(
	NAME CHAR(10) PRIMARY KEY,
	AREA NUMBER(4) NULL ,
	POPU NUMBER(4) NULL ,
	METRO CHAR(1) NOT NULL,
	REGION CHAR(6) NOT NULL
);

INSERT INTO TCITY VALUES ('서울',605,974,'y','경기');
INSERT INTO TCITY VALUES ('부산',765,342,'y','경상');
INSERT INTO TCITY VALUES ('오산',42,21,'n','경기');
INSERT INTO TCITY VALUES ('청주',940,83,'n','충청');
INSERT INTO TCITY VALUES ('전주',205,65,'n','전라');
INSERT INTO TCITY VALUES ('순천',910,27,'n','전라');
INSERT INTO TCITY VALUES ('춘천',1116,27,'n','강원');
INSERT INTO TCITY VALUES ('홍천',1819,7,'n','강원');

SELECT * FROM TCITY;

CREATE TABLE TSTAFF
(
	NAME CHAR (15) PRIMARY KEY,
	DEPART CHAR (10) NOT NULL,
	GENDER CHAR(3) NOT NULL,
	JOINDATE DATE NOT NULL,
	GRADE CHAR(10) NOT NULL,
	SALARY NUMBER(4) NOT NULL,
	SCORE NUMBER(5,2) NULL
);

INSERT INTO TSTAFF VALUES ('김유신','총무부','남',TO_DATE('2000-2-3', 'yyyy-MM-dd'),'이사',420,88.8);
INSERT INTO TSTAFF VALUES ('유관순','영업부','여',TO_DATE('2009-3-1', 'yyyy-MM-dd'),'과장',380,NULL);
INSERT INTO TSTAFF VALUES ('안중근','인사과','남',TO_DATE('2012-5-5', 'yyyy-MM-dd'),'대리',256,76.5);
INSERT INTO TSTAFF VALUES ('윤봉길','영업부','남',TO_DATE('2012-8-15', 'yyyy-MM-dd'),'과장',350,71.25);
INSERT INTO TSTAFF VALUES ('강감찬','영업부','남',TO_DATE('2018-10-9', 'yyyy-MM-dd'),'사원',320,56.0);
INSERT INTO TSTAFF VALUES ('정몽주','총무부','남',TO_DATE('2010-9-16', 'yyyy-MM-dd'),'대리',370,89.5);
INSERT INTO TSTAFF VALUES ('허난설헌','인사과','여',TO_DATE('2020-1-5', 'yyyy-MM-dd'),'사원',285,44.5);
INSERT INTO TSTAFF VALUES ('신사임당','영업부','여',TO_DATE('2013-6-19', 'yyyy-MM-dd'),'부장',400,92.0);
INSERT INTO TSTAFF VALUES ('성삼문','영업부','남',TO_DATE('2014-6-8', 'yyyy-MM-dd'),'대리',285,87.75);
INSERT INTO TSTAFF VALUES ('논개','인사과','여',TO_DATE('2010-9-16', 'yyyy-MM-dd'),'대리',340,46.2);
INSERT INTO TSTAFF VALUES ('황진이','인사과','여',TO_DATE('2012-5-5', 'yyyy-MM-dd'),'사원',275,52.5);
INSERT INTO TSTAFF VALUES ('이율곡','총무부','남',TO_DATE('2016-3-8', 'yyyy-MM-dd'),'과장',385,65.4);
INSERT INTO TSTAFF VALUES ('이사부','총무부','남',TO_DATE('2000-2-3', 'yyyy-MM-dd'),'대리',375,50);
INSERT INTO TSTAFF VALUES ('안창호','영업부','남',TO_DATE('2015-8-15', 'yyyy-MM-dd'),'사원',370,74.2);
INSERT INTO TSTAFF VALUES ('을지문덕','영업부','남',TO_DATE('2019-6-29', 'yyyy-MM-dd'),'사원',330,NULL);
INSERT INTO TSTAFF VALUES ('정약용','총무부','남',TO_DATE('2020-3-14', 'yyyy-MM-dd'),'과장',380,69.8);
INSERT INTO TSTAFF VALUES ('홍길동','인사과','남',TO_DATE('2019-8-8', 'yyyy-MM-dd'),'차장',380,77.7);
INSERT INTO TSTAFF VALUES ('대조영','총무부','남',TO_DATE('2020-7-7', 'yyyy-MM-dd'),'차장',290,49.9);
INSERT INTO TSTAFF VALUES ('장보고','인사과','남',TO_DATE('2005-4-1', 'yyyy-MM-dd'),'부장',440,58.3);
INSERT INTO TSTAFF VALUES ('선덕여왕','인사과','여',TO_DATE('2017-8-3', 'yyyy-MM-dd'),'사원',315,45.1);

SELECT * FROM TSTAFF;



